Workbook

Sheet 전체 내역
A1: 날짜 | B1: 항목 | C1: 구간 | D1: 카테고리 | E1: 금액 (EUR)
A2: 5/23 | B2: Parking 주차 | C2: 아일랜드 | D2: 교통·주차 | E2: 40
A3: 5/23 | B3: 미분류 | C3: 아일랜드 | D3: 기타 | E3: 10
A4: 5/23 | B4: 미분류 | C4: 아일랜드 | D4: 기타 | E4: 30
A5: 5/24 | B5: Lounge 라운지 | C5: 아일랜드 | D5: 기타 | E5: 87
A6: 5/25 | B6: Drunken fish 저녁 | C6: 아일랜드 | D6: 식비 | E6: 142.6
A7: 5/25 | B7: Lao 식사 | C7: 아일랜드 | D7: 식비 | E7: 95
A8: 5/25 | B8: 주유 | C8: 아일랜드 | D8: 교통·주차 | E8: 50
A9: 5/25 | B9: 주차 | C9: 아일랜드 | D9: 교통·주차 | E9: 83
A10: 5/26 | B10: 주차 | C10: 아일랜드 | D10: 교통·주차 | E10: 20
A11: 5/26 | B11: 초밥 | C11: 아일랜드 | D11: 식비 | E11: 22.5
A12: 5/26 | B12: 페리 예약 | C12: 아일랜드 | D12: 교통·주차 | E12: 180
A13: 5/27 | B13: Grano 식사 | C13: 아일랜드 | D13: 식비 | E13: 127.5
... A125: 6/16 | B125: 공항 저녁(최종) | C125: 발칸·알프스 | D125: 식비 | E125: 18
D126: 합계 | E126: =SUM(E2:E125) -> 6317.28

Sheet 카테고리 요약
A1: 카테고리 | B1: 건수 | C1: 합계 (EUR) | D1: 비중
A2: 식비 | B2: =COUNTIF('전체 내역'!D:D,A2) -> 46 | C2: =SUMIF('전체 내역'!D:D,A2,'전체 내역'!E:E) -> 1977.01 | D2: =C2/$C$8 -> 0.31295273
A3: 교통·주차 | B3: =COUNTIF('전체 내역'!D:D,A3) -> 52 | C3: =SUMIF('전체 내역'!D:D,A3,'전체 내역'!E:E) -> 1258.37 | D3: =C3/$C$8 -> 0.19919491
A4: 관광·입장 | B4: =COUNTIF('전체 내역'!D:D,A4) -> 10 | C4: =SUMIF('전체 내역'!D:D,A4,'전체 내역'!E:E) -> 869.9 | D4: =C4/$C$8 -> 0.13770167
A5: 렌터카 | B5: =COUNTIF('전체 내역'!D:D,A5) -> 2 | C5: =SUMIF('전체 내역'!D:D,A5,'전체 내역'!E:E) -> 1717.88 | D5: =C5/$C$8 -> 0.27193349
A6: 쇼핑 | B6: =COUNTIF('전체 내역'!D:D,A6) -> 3 | C6: =SUMIF('전체 내역'!D:D,A6,'전체 내역'!E:E) -> 127.41 | D6: =C6/$C$8 -> 0.02016849
A7: 기타 | B7: =COUNTIF('전체 내역'!D:D,A7) -> 11 | C7: =SUMIF('전체 내역'!D:D,A7,'전체 내역'!E:E) -> 366.71 | D7: =C7/$C$8 -> 0.058048717
A8: 합계 | B8: =SUM(B2:B7) -> 124 | C8: =SUM(C2:C7) -> 6317.28 | D8: =C8/C8 -> 1

Sheet 일자별 지출
A1: 날짜 | B1: 구간 | C1: 지출 (EUR)
A2: 5/23 | B2: 아일랜드 | C2: =SUMIF('전체 내역'!A:A,A2,'전체 내역'!E:E) -> 80
A3: 5/24 | B3: 아일랜드 | C3: =SUMIF('전체 내역'!A:A,A3,'전체 내역'!E:E) -> 87
A4: 5/25 | B4: 아일랜드 | C4: =SUMIF('전체 내역'!A:A,A4,'전체 내역'!E:E) -> 370.6
A5: 5/26 | B5: 아일랜드 | C5: =SUMIF('전체 내역'!A:A,A5,'전체 내역'!E:E) -> 222.5
A6: 5/27 | B6: 아일랜드 | C6: =SUMIF('전체 내역'!A:A,A6,'전체 내역'!E:E) -> 154.65
A7: 5/28 | B7: 아일랜드 | C7: =SUMIF('전체 내역'!A:A,A7,'전체 내역'!E:E) -> 183
A8: 5/29 | B8: 아일랜드 | C8: =SUMIF('전체 내역'!A:A,A8,'전체 내역'!E:E) -> 94.85
A9: 5/30 | B9: 아일랜드 | C9: =SUMIF('전체 내역'!A:A,A9,'전체 내역'!E:E) -> 94.25
A10: 5/31 | B10: 아일랜드 | C10: =SUMIF('전체 내역'!A:A,A10,'전체 내역'!E:E) -> 29.51
A11: 6/1 | B11: 아일랜드 | C11: =SUMIF('전체 내역'!A:A,A11,'전체 내역'!E:E) -> 280.5
A12: 6/2 | B12: 발칸·알프스 | C12: =SUMIF('전체 내역'!A:A,A12,'전체 내역'!E:E) -> 1891.97
A13: 6/3 | B13: 발칸·알프스 | C13: =SUMIF('전체 내역'!A:A,A13,'전체 내역'!E:E) -> 366.38
... A26: 6/16 | B26: 발칸·알프스 | C26: =SUMIF('전체 내역'!A:A,A26,'전체 내역'!E:E) -> 255.91
A27: 합계 | C27: =SUM(C2:C26) -> 6317.28

Sheet 정산 요약
A1: 여행 최종 정산 — 외할머니·외할아버지 발칸·알프스 (5/23~6/16)
A3: ① 현장 경비 (여행경비 계좌, EUR)
B4: EUR | C4: KRW(환전)
A5: 5/23 충전 | B5: 2000 | C5: 3523620
A6: 6/1 충전 | B6: 3000 | C6: 5269980
A7: 6/8 충전 | B7: 750 | C7: 1350254
A8: 6/13 충전 | B8: 500 | C8: 878915
A9: 환전 합계 | B9: =SUM(B5:B8) -> 6250 | C9: =SUM(C5:C8) -> 11022769
A10: 총 지출 (124건) | B10: ='전체 내역'!E126 -> 6317.28
A11: 최종 잔액 (€6,250 − 지출) | B11: =B9-B10 -> -67.28
A13: ② 전체 원화 지출 (원화 직접결제 + 환전)
A14: 신한카드 직접결제 (아시아나) | C14: 2702600
A15: 항공·숙소 환전 (€3,594) | C15: 6420000
A16: 현장 경비 환전 (€6,250) | C16: 11022769
A17: 전체 원화 지출 합계 | C17: =SUM(C14:C16) -> 20145369
